{
  "feature_names": [
    "tx_amount",
    "hour_of_day",
    "day_of_week",
    "is_weekend",
    "is_night"
  ],
  "coefficients": [
    0.0031468927874271266,
    -0.00021561636154178413,
    0.000783529122975925,
    -0.0029015964493936727,
    0.006050188467939219
  ],
  "intercept": -2.9465488921010925
}
